Statistic,Area,Perimeter,MajorAxisLength,MinorAxisLength,Eccentricity,Roundness,Compactness
Mean,53048.2845,855.2835,320.1419,202.2707,0.7509,0.8733,0.7999
Median,44652.0,794.941,296.8834,192.4317,0.7644,0.8832,0.8013
Std,29324.0957,214.2897,85.6942,44.9701,0.092,0.0595,0.0617
Min,20420.0,524.736,183.6012,122.5127,0.219,0.4896,0.6406
Max,254616.0,1985.37,738.8602,460.1985,0.9114,0.9907,0.9873
Q25,36328.0,703.5235,253.3036,175.8482,0.7159,0.8321,0.7625
Q50,44652.0,794.941,296.8834,192.4317,0.7644,0.8832,0.8013
Q75,61332.0,977.213,376.495,217.0317,0.8105,0.9169,0.8343
Q90,78114.0,1093.858,416.8629,246.6858,0.8612,0.9452,0.8883
