Feature,Data Type,Description,Role,Missing Values,Unique Values,Notes
Area,int64,The area of a bean zone and the number of pixels within its boundaries,Feature,0,12011,Pixel count; int; ranges from ~20K to ~254K
Perimeter,float64,"Bean circumference, defined as the length of its border",Feature,0,13416,Border length in pixels
MajorAxisLength,float64,The distance between the ends of the longest line that can be drawn from a bean,Feature,0,13543,Also denoted as L
MinorAxisLength,float64,The longest line perpendicular to the main axis,Feature,0,13543,Also denoted as l
AspectRatio,float64,The relationship between MajorAxisLength and MinorAxisLength (L/l),Feature,0,13543,Derived: L/l; originally named AspectRation in raw file
Eccentricity,float64,Eccentricity of the ellipse having the same moments as the region,Feature,0,13543,"Range [0,1); higher = more elongated"
ConvexArea,int64,Number of pixels in the smallest convex polygon containing the bean area,Feature,0,12066,Always >= Area
EquivDiameter,float64,The diameter of a circle having the same area as the bean seed area,Feature,0,12011,Derived from Area
Extent,float64,The ratio of the pixels in the bounding box to the bean area,Feature,0,13535,"Range (0,1]; ratio measure"
Solidity,float64,Also known as convexity; ratio of pixels in convex shell to those in bean,Feature,0,13526,"Range (0,1]; close to 1 = very convex"
Roundness,float64,Calculated as (4*pi*Area) / (Perimeter^2),Feature,0,13543,"Originally lowercase (roundness) in raw file; range (0,1]"
Compactness,float64,Measures the roundness of an object: EquivDiameter / MajorAxisLength,Feature,0,13543,"Derived: Ed/L; range (0,1]"
ShapeFactor1,float64,Shape factor 1,Feature,0,13543,Dimensionless shape descriptor
ShapeFactor2,float64,Shape factor 2,Feature,0,13543,Dimensionless shape descriptor
ShapeFactor3,float64,Shape factor 3,Feature,0,13543,Dimensionless shape descriptor
ShapeFactor4,float64,Shape factor 4,Feature,0,13543,Dimensionless shape descriptor
Class,object,Type of dry bean (7 classes),Target,0,7,"7 classes: BARBUNYA, BOMBAY, CALI, DERMASON, HOROZ, SEKER, SIRA"
