Feature,dtype,min,max,mean,description
Area,int64,20420.0,254616.0,53048.284549261625,Number of pixels inside the bean boundary
Perimeter,float64,524.736,1985.37,855.283458599662,Length of the bean border
MajorAxisLength,float64,183.6011650038393,738.8601534818813,320.1418673032454,Length of the longest line that can be drawn through the bean
MinorAxisLength,float64,122.51265345074418,460.1984968278401,202.2707140825082,Longest line perpendicular to the main axis
AspectRatio,float64,1.0248675960667681,2.430306446836626,1.583241979017421,MajorAxisLength / MinorAxisLength
Eccentricity,float64,0.21895126335356507,0.9114229684680053,0.7508949293727165,Eccentricity of the ellipse with the same second moments as the bean
ConvexArea,int64,20684.0,263261.0,53768.20020571596,Pixel count of the smallest convex polygon containing the bean
EquivDiameter,float64,161.24376423134018,569.3743583287609,253.064219924914,Diameter of a circle with the same area as the bean
Extent,float64,0.55531471681117,0.8661946405648266,0.7497327873591233,Bean area / bounding-box area
Solidity,float64,0.9192461570857022,0.9946774999456888,0.9871428435681516,Bean area / convex area (convexity)
Roundness,float64,0.4896182562412148,0.9906853996160323,0.8732818313104205,4 * pi * Area / Perimeter^2
Compactness,float64,0.6405767589768725,0.9873029693778109,0.7998636818716444,EquivDiameter / MajorAxisLength
ShapeFactor1,float64,0.0027780126683855494,0.010451169324378654,0.006563608510069212,MajorAxisLength / Area
ShapeFactor2,float64,0.0005641690180332927,0.0036649719644516834,0.0017159473344485743,MinorAxisLength / Area
ShapeFactor3,float64,0.41033858414131424,0.9747671533422431,0.6435901812933447,Area / (semi-major axis^2 * pi)
ShapeFactor4,float64,0.9476874027098624,0.9997325300471389,0.9950633118262984,Area / (semi-major axis * semi-minor axis * pi)
