,Mean DERMASON,Mean SIRA,"Abs. mean diff (in pooled std, Cohen d)"
Extent,0.7529531175406993,0.7494447489835556,0.08532290157776688
Solidity,0.9882260567807785,0.9879708840084572,0.08872329148482982
ShapeFactor4,0.9969139993864136,0.9953846892739635,0.6638673897574509
AspectRatio,1.4904709242245315,1.570082633684349,0.8251060158432124
Eccentricity,0.7366321866089176,0.7672773372652468,0.8347951143729395
Compactness,0.8191100392294607,0.7973446594676751,0.8553313181863118
ShapeFactor3,0.6716361665098828,0.6363582437067562,0.8570807337837842
Roundness,0.9081138509818065,0.8846519967528188,0.8777145419844951
ShapeFactor2,0.0021607777788089687,0.0016826430880933637,1.9338523930349907
ShapeFactor1,0.0077548514766398,0.006719736258701028,2.150040355587331
MinorAxisLength,165.6571430385309,190.80024979819026,2.2888209425199975
MajorAxisLength,246.55727891047886,299.3802579836998,2.5499536366434534
EquivDiameter,201.68381303914242,238.33531579674158,2.710310579492148
Area,32118.710941906375,44729.12860394537,2.734319644628287
ConvexArea,32498.435138183868,45273.0997723824,2.7451839577813897
Perimeter,665.2095358150028,796.4187374810318,2.7611381659807996
