,Mean (raw train),Std (raw train),Mean (scaled train),Std (scaled train),Mean (scaled test),Std (scaled test)
Area,53018.07264878765,29286.9986106949,1.2203480123726922e-16,1.0,0.005156387790389167,1.0061220629484593
Perimeter,855.0236145297575,214.0708854987945,-1.8337849811589653e-16,1.0,0.006067329725195881,1.004901078389369
MajorAxisLength,320.0479722828467,85.60107246030387,2.127451615152394e-16,1.0,0.005482842208854653,1.0052304405920174
MinorAxisLength,202.22155313334486,44.966754019565094,-2.77025524733801e-16,1.0,0.005464760250346012,1.0001753790265715
AspectRatio,1.5831650802627197,0.24672524092760886,-5.834177128669449e-16,1.0,0.001557930636722577,0.9988670801351278
Eccentricity,0.750892930502607,0.0918858350893991,-7.681013960228122e-16,1.0,0.00010873726360395557,1.0061076529084378
ConvexArea,53737.747979426895,29733.164815993943,-1.0115184059773653e-16,1.0,0.005119414601166646,1.0068060325687533
EquivDiameter,252.99577815790573,59.14256433698095,-2.766992284738083e-16,1.0,0.005784468429929585,1.0027204752864747
Extent,0.7494379579992392,0.04904275954074097,-4.504519869199202e-16,1.0,0.03004956732269709,1.0038938225235212
Solidity,0.9871310461039194,0.0046923582120135966,4.887917974690623e-15,1.0,0.012567239839418907,0.9652006293871636
Roundness,0.8733169665833179,0.05953720408795698,-1.1576991304540942e-15,1.0,-0.002949832035010755,0.9983580676359649
Compactness,0.7998769555271761,0.06168904842585434,-4.33974025790289e-16,1.0,-0.0010755357843194148,1.0017928255394228
ShapeFactor1,0.006565105344593609,0.001127262272018616,5.808073427870032e-16,0.9999999999999999,-0.0066372963999732455,1.0030582980386302
ShapeFactor2,0.001716540149026251,0.0005963190833051888,2.8518293123361846e-16,1.0,-0.0049691551816286915,0.9960768229355869
ShapeFactor3,0.6436086826791114,0.0989360106867788,4.17659212790654e-17,0.9999999999999998,-0.0009347430753195459,1.0028511001979925
ShapeFactor4,0.995050910316408,0.004383605849362819,3.2382946026715364e-14,1.0,0.014141173764244626,0.9800229247463931
